id,name,tags,is_featured,order,icon_image,parent_topic,verses
3787,"Allah ﷻ","",1,1,topic_images/Allah-stroke_1.png,"",""
3788,"Knowing Allah ﷻ","",0,1,"",3787,"2,3,4,262,2826,2315,792,4120,4902,4903,4904,4905,2362,3786,6222,6223,848,6224,6225,985,6107,6108,2397,2398,6109,2400,2401,2657,6110,996,2789,2790,6111,3436,1008,1396,5242,892"
3789,"Tawheed (Monotheism)","",0,1,"",3787,"2446,2575,785,2068,1557,299,170,2071,808,355,1635,357,741,742,1636,2789,1952,2764,2508,2629,319,1723,2140,860,4564,952,311,618,2790,1266,1394,1523,1785,891,378,1534,1487,951,1923,2356,2051,295"
3790,"Exoneration from Polytheism","",0,1,"",3787,"2509,3449,890,123,124,1974,953,952,951,1972,950,1973,3968,3727,3728,529,3729,664,1432,1433,1434,3480,541,29,4122,4123,4124,803,939,940,3499,360,357,1636,1635,5467,2140,987,2511,2510,845,2508,2507,2506,2505,2504,1977,1976,830,829,1975,1723,2285"
3791,"Names of Allahﷻ","",0,1,"",3787,"3,854,466,6222,2635,2886,3525,160,1825,1150,5922,4733,5262,4111,4624,5423,536,1560,4888,1563,4763,5149,5150,35,806,124,122,5110,3446,2421,3199,499,39,295,4291,1534,3694,2619,1263,1134,2913,1723,4278,2612,311,1718,2356,1716,4658,4014,2657,3627,3495,2602,302,301,44,2601,2139,1962,1754,2649,5078,4283,319,1471,4928,578,323,3459,2185,1546,2826,642"
3792,"Attributes of Allah ﷻ","",0,1,"",3787,"4609,549,5155,5151,27,536,528,527,526,525,5127,519,5125,516,4,663,651,134,645,642,640,122,627,5231,624,3585,1471,3584,456,457,3534,3536,298,792,274,448,1295,262,623,622,3538,5079,3557,3558,4587,494,4590,5105,5106,3573,4597,5111,504,505,5621,509,510,3583,3691,619,103,2658,299,2353,324,254,2813,242,2801,2796,235,234,233,216,4291,4283,180,165,669,608,2655,604,1350,355,366,892,385,599,5205,597,592,6223,589,557,1580,5160,5157,551,4646"
3793,"Signs-Actions of Allah ﷻ","",0,1,"",3787,"1367,259,391,892,790,791,792,793,794,28,29,4257,35,36,298,171,299,1709,46,1710,1711,4271,3508,314,315,319,320,580,3787,846,80,4304,84,1368,1369,1370,220,5984,5985,5986,483,5987,3429,3430,3431,3432,3433,106,1008,1011,884,885,886,887,888,889,890,891,124,125"
3794,"Blessings of Allah ﷻ","",0,1,"",3787,"6078,1919,1784,1783,4338,2022,4067,4066,4065,1756,218,3542,467,464,3407,6090,6077,1213,5688,5687,5686,5685,5684,5683,1973,1972,5682,5681,689,5680,5679,5678,675,1954,3489,4107,4486,3845"
3795,"Praising Allah ﷻ","",0,1,"",3787,"834,3788,3661,1999,3455,2701,3341,3607,2462,4132,4133,3494,3252,5300,5200,5076,2140,2141,1374,3426,3427,4198,5613,3322,2,1,3968,3970"
3796,"Remembrance of Allah ﷻ","",0,1,"",3787,"5616,5958,3574,3575,3385,159,1159,5957,1735,5963"
3797,"Mercy of Allah ﷻ","",0,1,"",3787,"3662,2801,112,367,366,2917,5084,1110,214,4300,1010,3576,1660,150,4111,2566,640,1563,801,5154,164,3254,189,1353,843,2198"
3798,"Tawba & Magfirah (Repentance & Forgiveness)","",0,1,"",3787,"5923,3014,2791,4297,4111,4816,603,2430"
3799,"Reward & Punishment of Allah ﷻ","",0,1,"",3787,"1355,2247,507,2460,882,549,89,605"
3800,"Aqidah (Belief)","",1,1,topic_images/sparkle-02-stroke_npp56s0.png,"",""
3801,"Belief & Believers","",0,1,"",3800,""
3802,"Virtues of Imaan","",0,1,"",3801,"1254,10,9,264,2247,89,1428,725,724,1427,4556,1426,2633,12,11,32"
3803,Believers,"",0,1,"",3801,"655,2308,5126,10,11,12,1163,1162,1164,4626,4627,2842,2843,284,6137,2846,6138,6178,292,2853,678,2679,6179,426,427,428,429,2730,2731,2732,2609,2733,2734,5165,184,5176,1729,1346,1347,1991,844,1357,1358,1359,723,2775,2776,5215,4576,738,5094,3568,2674,2675,628,2676,2677,2678,2680,2681,2682,2683,2684,639"
3804,Angels,"",0,1,"",3801,"1169,1809,6015,1903,1261,109,104,5340,4572,2271,1375,2270,2269,2268,2267,5841,5717,5716,5715,5714,850,5713,5840,5839,2510,3661,332,2503,2502,1730,5821,5820,5819,3514,184,1718,4402,41,4648,4647,4133,418,417,1950,1810,2586,5379,1542,1543"
3805,"Holy Books","",0,1,"",3801,"629,184,377,3386,3295,9,296,292,656,657,11"
3806,"Gaib (Unseen)","",0,1,"",3801,"10,1596,839,5253,1716,848,472,5217,5473,5474,1384,1142,184,292,1698,3609,3224,4630,11"
3807,"Prophets & Revelation","",0,1,"",3801,"1157,4260,296,808,5930,4224,1707,5931,4786,4787,3124,3125,3126,3127,184,4533,2490,2875,4788,4789,1598,2462,1411,143,656,657,1937,4123,4124,2717,881,5056,1379,1473,5057,3650,2528,3295,1754,2135,1366,337,2250,839,5059,5058,895,1401,2167,3573,1013"
3808,"Khatme Nabuwah (Seal of Prophethood)","",0,1,"",3801,"1378,1377,5169,3573"
3809,Afterlife,"",0,1,"",3801,"1728,184,6145,6144,4499,655,15,11,6143,6142,6141,6140,6139,629,883,738,478,3164,3163,3162,5208,4172,69,55,821,302,4129,2459,407,261,6146"
3810,"Resurrection after Death","",0,1,"",3801,"2687,2686,2685,1011,3459,266,5776,5777,5778,4499,5779,5780,3223,4633,4634,4125,2078,2079,2080,2081,35,4645,2600,2601,3756,3757,5039,5040,3783,1395,883,3784,3428,5848,5719,5718,3669,3785"
3811,"Islam & Muslims","",0,1,"",3800,"4626,529,140,139,138,137,135,4612,4627,378,6137,4087,1268,2673,215,1347,312,5172,5170,672,4251,150"
3812,"Kufr-Shirk (Disbelief-Polytheism)","",0,1,"",3800,""
3813,Kufr-Shirk,"",0,1,"",3812,"545,2321,2320,2319,2318,2317,2316,5884,5883,5882,5881,4346,1148,1147,1146,1145,1144,1143,2669,2668,2667,2666,614,613,612,611,610,609,608,2086,2085,546,544,3944,3945,362,1988,1987,929,928,927,926,925,5500,363,5880,5879,5878,5877,2322,2323,2324,2325,2326,2327,2328,2329,2330,2331,2332,2333,2334,2335,2336,2337,2338,2339,2340,2341,2342,2343,2344,4345,4344,4343,4342,4341,4340,3824,3823,1263,4807,4806,4805,2345,2858,2859,2860,2861,2862,2863,5442,5443,5444,5445,5446,3937,3938,3939,3940,3941,3942,3943,4804,4803,2750,1216,1215,1214,2749,2748,2747,2746,2745,2744,2743,2742,2741,2740,2739,2738,2737,1149"
3814,"The Devil","",0,1,"",3812,"2190,4044,4043,4042,3627,4041,4058,4057,4056,4055,4054,4053,4052,4051,4050,4049,3027,2001,2000,1999,981,980,979,978,977,976,975,974,4045,4046,4047,1843,1842,1841,1840,1839,1838,1836,1835,1834,1833,43,42,41,2093,2464,2092,5147,2091,5143,5142,2090,4048,1844,2094,1208,3626,965,966,967,968,969,970,971,972,973"
3815,"Nifaq & Munafiq (Hypocrisy & Hypocrites)","",0,1,"",3800,"554,3534,461,460,1362,1361,1360,1336,1331,1330,1329,1328,1325,1322,1321,1320,1319,1318,1317,1316,1315,1314,1313,1312,1311,1310,1309,1308,3351,3350,1304,1303,1302,1301,1300,1299,1298,1297,1296,1292,1291,1290,710,1209,639,638,5238,636,635,634,633,632,631,630,5196,5195,5194,5193,5192,5191,5190,5189,584,583,582,581,556,555,553,3606,26,25,24,23,22,21,20,19,18,17,16,15,3594,3593,3545,5088,5089,3557,4589,3581"
3816,"People of the Book (Ahl al Kitab: Judaism, Christianity)","",0,1,"",3800,"655,127,377,376,682,119,118,5104,1266,1265,751,750,749,748,386,715,120,737,683,684,685,686,687,48,49,688,3386,69,741,742,743,360,744,362,363,745,746,747,681,666,665,664,147,654,142,653,652,651,650,649,648,647,646,643"
3817,"Taqdeer (Destiny)","",0,1,"",3800,"854,1413,4100,3716,5829,4419,4418,4417,5951,5950,828,571,1464,1463,438,2857,4895,791,1425,6157,5125,4230,1994,848,1746,1749,988,5220,2665,5097,6129,3571,1142,3703,2169,2042"
3818,"Al-wala’ Wa’l-bara’ (The Loyalty and Disavowal)","",0,1,"",3800,"1236,5123,5126,264,1291,403,152,1306,411,671,5151,5154,127,5118,637,379,632,1263,749,1259,1258,741,1252,1251,5213,1238,677,5158,5163,321,1348,582,1223,1224,713,1354,720,1232,723,724,726"
3819,"Unity and Diversity","",0,1,"",3800,"4280,4285,4625,220,4622,1591,1994,2725,1207,357,2575,1592,717,150,396,1206,1223"
3820,"The Acts & Sayings Contrary to Aqidah","",0,1,"",3800,"608,819,818,817,177,816,184,957,2110,859,860,4061,4062,3476,3475,4492,4491,773,815,814,172,991"
3821,"Purification of the Heart","",0,1,"",3800,"181,158,2812,5179,370,5962,5180,3678,1162,542,458,457,136,135"
3822,"Hadith & Sunnah ","",0,1,"",3800,""
3823,"Obedience of the Messenger (ﷺ)","",0,1,"",3822,"736,3554,4578,879,3569,374,5211,5117,761,324,1161,5133,1180,2847,5154,5156,5215,1206,425,2854,552,325,1112"
3824,"Authenticity of the Hadith","",0,1,"",3822,"768,3569,5133,598"
3825,"Explanation of the Quran","",0,1,"",3822,"573,1965,552,1945"
3826,"The Sunnah is Guidance","",0,1,"",3822,"136,159,126,879,2845,324,158"
3827,"Quran and Quranic Knowledge","",0,1,"",3800,""
3828,"Names of the Quran","",0,1,"",3827,"5147,2461,2075,667,2074,1811,5931,1808,3978,903,1158,3971,770,685,128,5448,1111,4057,351,881,2038,1401,1598,575,192,1599,1346,2111,2117,2118,2885,2350,2351,2887,944,945,2352,5930,3124,183,2107,684,2856,808,297,296,2462"
3829,"Revelation of the Quran","",0,1,"",3827,"2591,895,2167,1522,6126,2024,4324,4323,2528,6111,6110,6109,6108,6107,337,3535,2887,839,4419,4418,4417,4416,1473,192,4792,4791,4790,4789,3131,3130,3129,3128,3127,3126,3125,4793,808,1698,2068,656,1157"
3830,"Virtues of the Qur'an","",0,1,"",3827,"3692,4081,2533,4324,1889,2141,2135,1751,2134,5460,2003,717,2111,3775,3774,946,685,684,1707,4262,4260,3999,1421,3691"
3831,"Qur'an recitation","",0,1,"",3827,"1191,1159,1158,2885,128,3385,2136,3251,2740,2739,2323,1999,1162,394,3689"
3832,"Prostration of recitation","",0,1,"",3827,"2915,2308,2613,4255,2136,2137,1722,1950,2138,3518,3994,1160,6125,4846,3184,5905"
3833,"Understanding of Quran","",0,1,"",3827,"2076,4868,844,2928,1369,2074,2075,4863"
3834,"Quranic Examples","",0,1,"",3827,"4086,2176,2177,2178,2179,2180,2181,2182,2183,2184,2185,2826,3467,268,4612,271,272,273,911,5141,5142,24,410,5147,33,178,3381,3382,3383,1977,1724,5182,2626,4560,1497,5239,860,2013,994,5095,1768,1388,2668,1774,1775,1776,1777,3437,1012,4085,4087,2172,2173,2174,2175"
3835,"Arabic Literature in the Quran","",0,1,"",3827,"4522,1486,4086,4262,3301,4279,30,2117,2118,4472,1402,1403"
3836,"Mu'jizah (Miracles of the Quran)","",0,1,"",3827,"5570,1811,1808,5567,5569,5568"
3837,"Clear and Unclear verses in the Quran","",0,1,"",3827,"2141,4081,1007,300,684,1474,1803,2888,4262,3774,1597,1401,3160,4565,598,4221"
3838,"Abrogation in the Quran","",0,1,"",3827,"114,2003,1379,2004,2005,2002,113"
3839,"Etiquette of the Quran","",0,1,"",3827,"5570,5569,5568,128,4539,5567,1999,1158"
3840,"Ibadah (worship of Allah)","",1,1,topic_images/pray-dua-stroke_MkY1lKL.png,"",""
3841,"Taharah (Purity)","",0,1,"",3840,""
3842,"Najasah (Impurity)","",0,1,"",3841,"934,229,536,759"
3843,"Water(of purification)","",0,1,"",3841,"1343,2903,1171,675,536"
3844,"Relieving oneself (Defecating)","",0,1,"",3841,"536,1343"
3845,"Ablution (Wudu), Bathing (Ghusl) & Tayammum","",0,1,"",3841,"536,675"
3846,"Salah (The prayer)","",0,1,"",3840,""
3847,"The Command to Pray","",0,1,"",3846,"4255,2480,50,1587,52,3385,2362,5117,1729,861,2281,3566,2672,2673,3440,245,117,1781,2305,6135,3486,2847,160"
3848,"Types of prayers","",0,1,"",3846,"5476,2107,310,4784,2108,3518,3519,6206,5186,5187,594,595,4692,4693,4065,2478,5477,5478,2919,5479,5480,5481,5495"
3849,"Five daily prayer times and Adhan","",0,1,"",3846,"2107,5186,245,596,1587,3427,3426,2849,2478"
3850,"Pillars of Prayer","",0,1,"",3846,"336,966,965,1347,2621,150,151,152,406,156,122,5617,2672,6125,157,1950,1831,1900,2136,983,724,1832,2090,41,50,132,1160,149"
3851,"Importance & Reward of Prayer","",0,1,"",3846,"1787,3162,3385,1240,681,3473,2480,1790,1124,2309,1164,1163,2847,1246,284"
3852,"Characteristics of Worshippers","",0,1,"",3846,"2556,6201,2305,4612,1160,1289,10,1163,2828,5397,5398,5399,5400,5401,5583,3151,847,5582,2636,1306,5402,5403,5404,5405,5406,5407,5408,5409,5670,5538,5537,2682,2675,3440,881,880,3690,3689,2919,5410,6116,6115,4067,3678,4310,5586,5585,1253,5584,6202,6203,1729,5313,1347,5314,2630"
3853,"Maintaining Masjids & Jamaah","",0,1,"",3846,"1342,1253,121,2829,2828,2827,1343,1254,5465,1252"
3854,"Zakah and Sadaqah","",0,1,"",3840,""
3855,Zakat,"",0,1,"",3854,"2673,2281,1253,1246,5117,2556,1269,1270,117,605,90,473,1240,1110,724,2636,570,184,50,681,2847,284,1306,6135,1295,2828,4225,2305"
3856,Charity-Sadakah,"",0,1,"",3854,"283,2824,9,385,252,3306,3689,5093,5216,5215,5082,4694,5198,1356,1729,6076,6075,1339,1976,6069,6068,6067,6066,6065,6064,6063,6062,427,10,261,1163,268,269,270,271,272,1164,5135,1684,278,279,280,281,5399,5400"
3857,"Siyam (Fasting)","",0,1,"",3840,""
3858,"Virtues of Fasting (Ramadan)","",0,1,"",3857,"192,194,3568,190,191"
3859,"Lailatul Qadr (The Night of Destiny)","",0,1,"",3857,"6130,6129,6128,6127,4417,6126,4419,4418"
3860,Hajj-Umrah,"",0,1,"",3840,""
3861,"Hajj-Umrah Rituals / Actions","",0,1,"",3860,"4610,670,671,165,2620,2621,2622,2623,2624,2625,2626,2627,2628,2629,2630,2631,2632,203,204,205,206,207,208,209,210,764,765,4608,132"
3862,"Kaaba (Baitullah)","",0,1,"",3860,"2621,390,389,132,4608,766"
3863,Dua-Adhkar,"",0,1,"",3840,""
3864,"Virtues of Dua (Supplication)","",0,1,"",3863,"5187,1169,1159,2139,488,3568,1009,1010,246,3575,4193,3159,596,210,208,207,3574,4188,334,205,1735,193"
3865,"Quranic Dua / Supplications","",0,1,"",3863,"1450,1449,293,292,5155,5154,5136,2570,135,134,2179,3019,208,977,2770,2771,1364,3020,3021,346,3276,484,485,1787,1134,1791,1786,1785,486,487,2150,1790,1789,2920,1788,2929,1520,3018,3017,3016,3015,331,2377,2376,2375,2374,2373,440,310,309,301"
3866,"Oaths and Vows","",0,1,"",3840,"1995,370,231,232,776,1248,5120,777,1247,758,5598"
3867,"Encouragement and Intimidation","",0,1,"",3840,""
3868,Encouragement,"",0,1,"",3867,"5605,5604,5603,5602,5601,5600,5599,5598,478,5597,5596,1368,3919,3918,3917,3916,1998,1997,1356,1355,2248,2247,1850,1849,1848,1847,2228,308,429,428,427,426,5666,5665,5664,5663,284,3347,4487,4486,4093,4092,2170,754,753,5613,5612,5611,5610,491,5609,5608,5607,5606"
3869,Intimidation,"",0,1,"",3867,"570,697,1330,4246,4245,1378,616,1261,379,380,995,994,1377,987,1106,2127,2126,2246,2245,2244,2243,699,698"
3870,"Akhirah (Afterlife)","",1,1,topic_images/heaven-waterfall-stroke_0L8oCc1.png,"",""
3871,Doomsday,"",0,1,"",3870,"4501,5756,5755,5754,1141,1902,1887,478,5565,5564,4290,4289,5563,5562,318,5561,2364,2363,1978,5560,5559,4279,5558,5557,3636,3635,2866,5552,6166,6168,6165,2602,3241,6164,4391,6163,2597,2596,4508,4386,4385,4384,4383,4382,4507,4506,923,4505,3609,4504,4503,4502,4500,4499,6162,6161,6160,6159,6158,6167,3464"
3872,Fitna,"",0,1,"",3870,"2594,3350,2518,307,1199,4107,200,740,1188,1185,5214,5213"
3873,Hereafter,"",0,1,"",3870,"307,3502,6176,4129,6175,6174,6173,6172,6171,4359,4360,11,15,655,4499,6169,6170,2459,6143,6142,6141,6140,6139,629,883,3313,3312,1390,1389,5095,738,478,3164,3163,3162,5208,5965,5964,1733,5572,5571,1728,570,184,6144,6145,6146,261,4358,55,821,308,5580,208,207,5579,5578,4172,5577,5576,5575,5574,5573,69,5581"
3874,"The Grave and the Fate of Souls","",0,1,"",3870,"5873,5872,1777,5871,5870,5869,5868,5867,5866,5865,5864,5863,2775,2774,2773,2772,5876,5875,5874,2782,2781,5862,5861,2783,5860,5859,5858,5857,5856,5855,2780,2779,2778,2777,2776"
3875,Resurrection,"",0,1,"",3870,"4126,4125,5780,4634,4633,5779,3223,5778,5777,4499,2451,2450,2449,5776,266,3459,3428,2686,2685,1395,2687,1011,883,5854,5853,5852,5848,5719,5342,862,5341,5340,5339,5338,5337,5336,5718,2774,3669,3785,3784,3783,2239,5040,5039,3760,3759,3758,3247,3246,3757,3756,4650,2601,2600,4645,35,4128,4127"
3876,"The Day of Judgement","",0,1,"",3870,"4456,5492,5493,3452,6015,5631,5630,5629,4852,5848,5847,5846,5845,5844,5800,5799,5798,1007,5551,5550,5549,5548,5547,5546,5545,5544,5543,5632,5633,5634,5635,5636,5637,535,5657,5658,5659,5660,5661,5662,1577,1578,1579,4149,5542,5541,399,3466,5797,5796,5795,5794,5793,5792,5791,6019,6018,6017,6016,130,5748,5747,5746,4185,4184,5712,5711,5710,4166,4165,3648,4151,55,4150,1781,4853,4854,5883,5882,5884,2815,1792,1793,1794,2816,261,1798,5383,5384,5385,5386,5387,5388,5389,5390,5391,5392,5393,5401,4454,4455"
3877,"Al-Hashr-The gathering","",0,1,"",3870,""
3878,"The gathering and Judgment","",0,1,"",3877,"1772,1392,811,1393,1394,3314,3315,3316,3317,3318,3242,801,288,917,2323,2322,2321,2320,2319,2318,1409,1410,1798,1799,1800,1802,778,1801,3243,3244,1329,2872,825,2873,2874,1340,3319,1985,1986,451,580,1987,2881,2882,2883,717,2894,849,210,850,851,861,1771"
3879,"Reward / Display of Deeds","",0,1,"",3877,"5347,4238,4239,4240,4241,4127,293,2100,2101,3770,3771,3772,318,960,961,962,323,963,1491,5341,5342,5343,5344,97,2530,5345,5346,5348,5349,5350,5351,5352,5353,5354,5355,5356,5357,5358,5359,5360,2042,2043,2044,2815,5890,5891,5892,5893,5894,5895,5896,5897,5898,5899,2188,2189"
3880,Intercession,"",0,1,"",3877,"5848,3629,2858,4102,2450,130,261,2451,2452,2453,2454,2455,2456,2457,2458,2459,2460,2337,5543,883,1382,859,3507,1367,5711,2511,5710,4810,840,578,2109,2108,4411,55"
3881,"Jannah (Paradise)","",0,1,"",3870,"3833,3835,3836,3837,3838,3839,3840,3841,3842,3843,3844,3845,2310,2311,2312,2313,3846,3847,3848,3849,3850,788,1307,4392,4393,4394,1323,4395,4396,4397,4398,5975,308,2870,1847,1848,1849,1850,3398,4947,4948,4949,4950,4951,4952,4953,4954,4955,4956,1373,1374,4957,4958,4959,4960,4961,4962,4963,4964,4965,4966,4967,4968,4969,4970,1389,1390,4971,4972,4973,4974,4975,4468,4976,4977,4978,2424,4979,5976,5977,5978,4989,4990,4991,4992,4993,4994,4995,4996,4997,4998,4999,5000,5001,5002,1931,1932,1933,5003,5004,5005,5006,5007,5008,5009,5010,5011,5012,5013,5014,5015,5016,5017,5018,5019,5983,5980,426,4020,3522,5981,4557,4559,4560,5979,5982,997,1000,1001,1002,491,1003,4078,6137,506,3694,3693,615,2651,89,588,5175,2618,4665,4664,4663,4662,4661,4141,550,4133,4132,4131,32,2586,2585,2584,3695,2169,2170,2683,2171,2684,1164,4752,4753,4754,4755,4756,4757,4758,4759,4248,4760,4761,4762,4763,6138,1725,4799,1730,2247,2248,1742,734,735,1256,3827,3828,3829,3830,3831,3832,3834"
3882,"Jahannam (Hell)","",0,1,"",3870,"4399,3362,1303,1298,3856,3855,3854,3853,3852,3851,3850,2299,1779,755,1778,1768,1766,174,4030,5252,5251,5250,5249,5248,5024,5025,5026,5027,5028,5029,5030,5031,424,5032,5033,5034,5035,4025,4026,4027,4028,4029,662,4031,4032,4033,4034,3523,455,3023,990,995,485,4074,1004,5023,5022,5021,5020,1930,1391,2920,1348,830,824,2564,523,31,4129,4130,1579,46,2614,567,2615,2616,2617,4179,92,608,2667,1133,3696,4209,2169,633,5247,1846,1845,4401,2866,4402,305,4400"
3883,"Etiquette and manners","",1,1,topic_images/wrist-watch-01-stroke.png,"",""
3884,Etiquette,"",0,1,"",3883,""
3885,"Seeking Permission to Enter and Manners Relating to the House","",0,1,"",3884,"2851,2852,2853,3586,2820,196,2849,2819,2818,2850"
3886,"Etiquette of Attending Company and Sitting-Talking with Companions","",0,1,"",3884,"5115,5116,857,5114,5113,2168,5111,111,5112,859,858,2854,2853,147,4619,4618,4617,4616,4615,4614,4613"
3887,"Etiquette of Honoring the Guests","",0,1,"",3884,"6038,1542,5598,6037,6039,1551,222,184,1655"
3888,"Etiquette of Offering Greetings","",0,1,"",3884,"3307,2530,1731,579,2918,843,1773,1933,3577,1373,1374"
3889,"Noble manners and acts","",0,1,"",3883,""
3890,"Sincerity and Significance of Intentions","",0,1,"",3889,"5215,2168,635,322,2632,6135,951"
3891,Repentance,"",0,1,"",3889,"1339,5237,4111,2926,2925,429,428,2822,1476,510"
3892,"Patience and Perseverance","",0,1,"",3889,"4576,160,4315,439,52,2029,493,2028,2027,4068,6179,162"
3893,Truthfulness,"",0,1,"",3889,"1354,4623,3568,49,4624,3603,628,4566"
3894,Watchfulness,"",0,1,"",3889,"5215,5144,4152,5079,6007,4576,289,299,395,3152,3151"
3895,Piety,"",0,1,"",3889,"2682,2681,5219,494,5220,2680,2679,2678,2677,2676,2675,2674,395,3603,1306,1189,184,5215,2684,2683"
3896,"Firm Belief and Perfect Reliance on Allah","",0,1,"",3889,"2913,1761,1762,452,453,806,3555,5220,1162,466,467,415"
3897,"Uprightness and Steadfastness","",0,1,"",3889,"439,4249,4248,4315,4250,4523,4524,1774,1775,1776,1585,1777,628"
3898,"Reflecting on the Creations of Allah","",0,1,"",3889,"484,3652,5987,5988,4555,5984,5985,5986,483"
3899,"Hastening to do Good Deeds","",0,1,"",3889,"3643,426,2573,208,761,155"
3900,"Struggle for Good Deeds","",0,1,"",3889,"280,4576,6145,1259,588,1901,5483,1232,3409,5174,5495,1276"
3901,"Urging towards increasing Good Actions in the Later Part of Life","",0,1,"",3889,"5495,1337,5571,5572,5573,5574,2250,4111,209,3697"
3902,"Numerous Ways of Doing Good","",0,1,"",3889,"2055,671,222,284,529,1356,268,204,4488,2056,2054,2053,2052,6145"
3903,"Moderation in Worship","",0,1,"",3889,"3329,192,2349,2350,2351,2168,985,5215"
3904,"Righteous Conduct on a Regular Basis","",0,1,"",3889,"1993,5215,985,2168,5102,2350,1901,3329,5091"
3905,"Obedience to the Command of Allah is an Obligatory Duty","",0,1,"",3889,"558,494,552,573,3569,761,2842,2843"
3906,"Enjoining Good and Forbidding Evil","",0,1,"",3889,"748,671,1306,407,403,1199,1198,397,2636,3339,2026,1153,1302,3486,2169,51,1335,313,5177,1347,1232,1364,1111,1119,1896,747,1010,1273,1274"
3907,"Giving Counsel","",0,1,"",3889,"1022,1016,501,552,2052,2026,2065,270,4622"
3908,"Who Preaches but Acts Otherwise","",0,1,"",3889,"5166,51,1302,1561,638,92,5165"
3909,"Discharging the Trusts","",0,1,"",3889,"551,3605,598,2681,5407,290,1187"
3910,"Reverence towards the Sanctity of the Muslims","",0,1,"",3889,"2625,701,4624,4623,4622,3591,2627,1890,2818"
3911,"Covering Faults of the Muslims","",0,1,"",3889,"5213,4624,2810,641,2813"
3912,"Fulfillment of the needs of the Muslims","",0,1,"",3889,"273,274,1338,5135,1306,284,268,269,270,271,272"
3913,"Making Peace among People","",0,1,"",3889,"607,4622,621,4621,427,1161,4625,4623"
3914,"Superiority of Poor, Weak and Unrenowned Muslims","",0,1,"",3889,"1502,1503,2168,4625,568,3257,3258,1500,1501,256,1504,1186"
3915,"Benevolent Treatment towards Orphans and the Humble Persons","",0,1,"",3889,"6039,6040,6203,284,6012,6011,6010,2168,1890,620,90,502,6013,6089,6088,6035,6036,6037,6038"
3916,"Recommendations with regard to Women & Husband's rights concerning his Wife","",0,1,"",3889,"494,622,3566,5223,3430,2822,194,512,5224,235,3565,527"
3917,"Sustentation of the Members of the Family","",0,1,"",3889,"5214,3645,4694,235,5224,5223,240,527"
3918,"Spending Favorite things for Allah's sake","",0,1,"",3889,"385,5215,5086,5085,274,5135,272,271,270,269,268,1346"
3919,"Urging one's kith and kin to Obey Allah and refrain from evils","",0,1,"",3889,"5213,3484,5214,3483,3348,5235,2480,494,4525,2053,2052"
3920,"Rights of Neighbors","",0,1,"",3889,"184,579,2055,529,2056,1991,2813"
3921,"Kind Treatment towards Parents and establishment of the ties of Blood Relationship","",0,1,"",3889,"3483,3348,529,494,4525,2053,2052,1728,3484,90"
3922,"Showing reverence to the Family of Allah's Messenger (ﷺ)","",0,1,"",3889,"2627,3589,4295,558,3566,1201,3539,354"
3923,"Revering the Scholars and Elders, Preferring them to others and raising their Status","",0,1,"",3889,"552,2462,2490,1944,3539,3688,4067"
3924,"Visiting the Pious Persons, loving them and adoption of their company","",0,1,"",3889,"2168,1335,2205,2204,2203,2202,2206,5115,1354,4622,2200,562,2201"
3925,"Excellence and Etiquette of Sincere love for the sake of Allah","",0,1,"",3889,"5135,4612,1259,396,4622,1232,723"
3926,"Signs of Allah's love for His slaves and the efforts for its Achievement","",0,1,"",3889,"1306,452,324,159,1188,723"
3927,"Fear (of Allah)","",0,1,"",3889,"5793,5795,2596,2597,5921,1575,1576,1577,1578,1579,47,52,1337,321,203,204,4947,468,395,3603,4760,4761,4762,4763,5792,5794"
3928,"Hope in Allah's Mercy","",0,1,"",3889,"1110,2396,510,1683,1858,3623,2250,4111,4177,4178"
3929,"Combining Hope and Fear (of Allah)","",0,1,"",3889,"395,2168,1010,4843,3555,6166,6165,6164,6163,1683,399,1160,1159,2308,1120,2138,5843,5842,52,1053"
3930,"Excellence of Leading an Ascetic Life, and Virtues of Simple Life","",0,1,"",3889,"6171,6169,280,307,6170,3665,3404,1388,2186,2168,6173,5215,1733,5095,6172,2185"
3931,"Excellence of Simple Living and being Content with Little","",0,1,"",3889,"1733,3331,6008,280,6009,2168,5215,2310,2047,3329,3332,2309,6176"
3932,"Contentment and Self-esteem and avoidance of unnecessary begging of People","",0,1,"",3889,"1479,2479,2922,4732,4731,2745,2058,280,5215,275"
3933,"Excellence of Generosity and Spending in a Good cause with Reliance on Allah","",0,1,"",3889,"279,184,1338,3645,5215,281,5082,268,280,269"
3934,"Excellence of a Grateful Rich Man","",0,1,"",3889,"1919,1757,6075,3481,278,6065,6064,6063,6079,5602,385,159"
3935,"Remembrance of Death and Restraint of Wishes","",0,1,"",3889,"2788,5091,2779,2780,2781,2782,478,2784,2785,2786,2787,2783,1962,3503,5197,5198,2772,2773,2774,2775,2776,2777,2778"
3936,"Modesty and Courtesy towards the Believers","",0,1,"",3889,"3147,723,4816,4624,1003,1002"
3937,"Good Conduct","",0,1,"",3889,"1153,427,5275"
3938,"Clemency, Tolerance and Gentleness","",0,1,"",3889,"427,4253,4252,4315,1153"
3939,"Indignation against the Transgression of Divine Laws","",0,1,"",3889,"2625,982,986,987,4552"
3940,"Obligation of Rulers to show Kindness to their Subjects","",0,1,"",3889,"4621,552,1991,3147"
3941,"Exaltation of Modesty","",0,1,"",3889,"974,975,976,3277"
3942,"Guarding Secrets","",0,1,"",3889,"4152,2063,1187"
3943,"Fulfillment of Promises","",0,1,"",3889,"1992,670,5165,5166,2063"
3944,"Safeguarding and Perpetuating Good Habits","",0,1,"",3889,"5091,5102,1718,1993"
3945,"Excellence of Meeting with a Smiling Countenance and Politeness in Speech","",0,1,"",3889,"1890,2392,2391,452"
3946,"Brevity in Preaching","",0,1,"",3889,"2026,3386"
3947,"Dignity and Tranquility","",0,1,"",3889,"2918,2919"
3948,"Excellence of Conveying Glad Tidings and Congratulations","",0,1,"",3889,"3889,338,4248,4076,332,1544,1256,1542,4075"
3949,"Bidding Farewell and Advising on the Eve of Departure for a Journey or Other Things","",0,1,"",3889,"140,139"
3950,"Istikhara (Seeking Guidance from Allah) and Consultation","",0,1,"",3889,"452,4310"
3951,"Excellence of Using the Right Hand for Performing Various Good Acts","",0,1,"",3889,"4988,5342,4987"
3952,"Unethical behavior and acts","",0,1,"",3883,""
3953,"Vile Acts","",0,1,"",3952,"2817,716,1299,1300,710,1464,1330,769,940,759,508,547,509,6228,718,1360,6226,6227,6229,6230,1391"
3954,"Prohibition of Innovation in Religion","",0,1,"",3952,"827,4285,608,324,552,396,942,143,144,3440,3441,948,1396"
3955,"Unlawfulness of Oppression and Restoring Others Rights","",0,1,"",3952,"3113,677,522,523,2666,3114,1991,4314,4151,4623,4492,3116,3115"
3956,"Prohibition of Disobeying Parents and Severance of Relations","",0,1,"",3952,"5281,5282,5091,1732,2052,2053,4568,5283,2648,4525,4080,81,529,3348,4567,184,3483,3484"
3957,"Prohibition of Miserliness","",0,1,"",3952,"5098,5099,621,6010,6011,6012,6013,6066,6067,6068,473,2129,1352,3645,6069,2058,530,1311,5215,4581,4582,4583"
3958,"Condemnation of Pride and Self-Conceit","",0,1,"",3952,"1924,478,967,3503,41,3487,4193,542,665,2066,529,3334,3333,3332,1930,1929,1928,1160,1927,1926,481,3330,3329,1925,3328,3331,3823,5098"
3959,"Warning against persecution","",0,1,"",3952,"841,6089,620,6036,6035,6037,6038,6039,184,6040,280,6010,6011,6012,6013,3591,6088"
3960,"Following desires/lusts","",0,1,"",3952,"2309,1035,307,520"
3961,Betrayal,"",0,1,"",3952,"2633,1218,601,602,600,598,1231,1187"
3962,Lie,"",0,1,"",3952,"3614,1400,813,5165,4624,17,5166,1424,2006,2625,905,4812"
3963,"History & Biographies","",1,1,topic_images/sandwatch-stroke.png,"",""
3964,"Prophetic Events & Virtues","",0,1,"",3963,""
3965,"Prophetic Virtues","",0,1,"",3964,"2084,4211,658,657,656,2670,872,326,260"
3966,"Adam (AS)","",0,1,"",3964,"494,2469,2470,2471,2463,2464,2465,2466,2467,2468,37,38,39,40,41,42,43,44,45,46,2090,2091,965,973,974,975,976,977,978,979"
3967,"Idris (Enoch) (AS)","",0,1,"",3964,"2306,2568,2569,2307"
3968,"Nuh (Noah) (AS) and His Community","",0,1,"",3964,"5421,5420,1018,5434,5435,5436,5437,5438,5439,5440,5441,5442,1014,1013,1522,1521,1520,1519,1518,1517,1516,1515,1514,1513,1512,1511,1510,3054,3053,1507,5428,5429,5430,5431,5432,5433,3051,1505,1504,3048,1502,3046,3045,5443,5444,5445,5446,5447,3047,1501,1503,1506,1508,3049,1509,3052,1017,3050,1015,456,1016,1498,1499,1500,3038,3037,3039,3040,3041,3042,3043,3044,5427,5426,5425,5424,5423,5422"
3969,"Hud (AS)","",0,1,"",3964,"3055,4532,4531,3063,3062,3061,3060,3059,1021,1020,4234,4233,4232,4231,1019,3057,3056,3072,1026,1025,1024,4535,4537,4538,3065,3066,3067,3068,3069,3070,3071,1524,1523,3058,4533,4534,3064,4536,1023,1022,1533,1532,1531,1530,1529,1528,1527,1526,1525"
3970,"Saleh (AS)","",0,1,"",3964,"3090,3089,3088,3087,3086,3085,3084,3083,3082,3081,3080,3079,3078,3077,3076,1541,1540,1539,1033,1031,1030,5327,4237,4236,1032,1029,1028,1027,1538,1537,1536,1535,1534,3075,3074,3073,5335,5334,5333,5332,5331,5330,5329,5328,4235,4231,3091"
3971,"Ibrahim (Abraham) (AS)","",0,1,"",3964,"140,2537,2536,2540,2539,2538,2535,2534,2023,2022,2021,3022,3021,3020,3019,3018,3017,3016,3015,3014,3013,3012,3011,3010,3009,3008,3007,3006,3005,3004,3003,3002,3001,873,872,361,360,871,870,869,868,867,866,865,864,863,1349,3901,3900,3899,3898,3897,3896,3895,3894,3893,3892,3891,3890,3889,3888,3887,3886,3885,3884,3883,3882,3881,3880,3879,3878,3877,3876,3875,3874,3873,3872,3871,267,265,4353,4352,4351,2299,2298,2297,2296,2295,2294,2293,2292,2291,142,141,139,138,137,136,135,134,133,132,131,588,2622,2621,5154"
3972,"Lut (Lot) (AS) and his community","",0,1,"",3964,"3100,3107,3106,3105,3104,3103,3102,3101,3099,3098,3097,3096,3095,3094,3093,3092,1038,1037,1036,1035,1034"
3973,"Ismael (Ishmael)(AS)","",0,1,"",3964,"3890,3891,3892,3893,3894,3895,3896,4018,4019,875,1789,2304,2305,134,135,136,2568,2569,3888,3889"
3974,"Ishaq (Isaac) (AS)","",0,1,"",3964,"4703,4704,4705,873,2555,1542,1543,1544,1545,1546,1547,3367,3900,3901,1853,1854,1856,1857,1855,4699,4700,4701,4702"
3975,"Yaqub (Jacob) (AS)","",0,1,"",3964,"139,1605,1614,1613,1612,1611,1610,1609,1608,1606,1607,1604,140,141,3367,4015,4016,4017,1600,1601,1602,1603"
3976,"Yusuf (Joseph) (AS)","",0,1,"",3964,"1694,1618,1617,1616,1615,1614,1613,1648,1649,1650,1651,1652,1653,1654,1655,1656,1657,1658,1659,1660,1661,1662,1663,1664,1665,1666,1667,1668,1669,1670,1671,1672,1673,1674,1675,1676,1677,1678,1679,1607,1606,1605,1604,1603,1602,1601,1600,1680,1681,1682,1683,1684,1685,1686,1687,1688,1689,1608,1697,1696,1695,1690,1691,1692,1693,1619,1612,1620,1621,1622,1623,1624,1625,1626,1611,1610,1609,1627,1628,1629,1630,1631,1632,1633,1634,1635,1636,1637,1638,1639,1640,1641,1642,1643,1644,1645,1646,1647"
3977,"Ayyub (Job) (AS)","",0,1,"",3964,"4012,4013,4014,2567,2566,4011"
3978,"Dzulkifli (Ezekiel) (AS)","",0,1,"",3964,"2568,4019,4018,2569"
3979,"Shoaib (Jethro) (AS)","",0,1,"",3964,"1039,1559,1046,1045,1044,1043,1042,1041,1040,1561,1047,1557,1558,1562,1563,1564,3376,3377,1565,1566,1567,1568,1560"
3980,"Musa (Moses) (AS) & Harun (Aaron) (AS)","",0,1,"",3964,"2958,1057,1058,1059,1060,1061,1062,1063,1064,1065,1066,1067,1068,1069,1070,1071,1072,1073,1074,1075,1076,1077,1078,1079,1080,1081,1082,1083,1084,1085,1086,1087,1088,1089,1090,1091,1092,1093,1094,1095,1096,1097,1098,1099,1100,1101,1102,1103,1104,1105,1106,1107,1108,1109,2967,2968,1113,1114,1115,1116,1117,1118,1119,1120,1121,1122,2969,2970,2971,3166,3167,3168,2972,3169,3170,3171,3172,2973,2974,2975,2976,2977,2978,2979,2980,2981,2982,2718,2719,2720,2721,2722,2983,2984,3255,3256,3257,3258,3259,3260,3261,3262,3263,3264,3265,3266,3267,3268,3269,3270,3271,3272,3273,3274,3275,3276,3277,3278,3279,3280,3281,3282,3283,3284,3285,3286,3287,3288,3289,3290,3291,3292,2966,2357,2358,2359,2360,2361,2362,2363,2364,2365,2366,2367,2368,2369,2370,2371,2372,2373,2374,2375,2376,2377,2378,2379,2380,2381,2382,2383,2384,2385,2386,2387,2388,2389,2390,2391,2392,2393,2394,2395,2396,2397,2398,2399,2400,2401,2402,2403,2404,2405,2406,2407,2408,2409,2410,2411,2412,2413,2414,2415,2416,2417,2418,2419,2420,2421,2422,2423,2424,2425,2426,2427,2428,2429,2430,2431,2432,2433,2434,2435,2436,2437,2438,2439,2440,2441,2442,2443,2444,2445,2446,2447,2951,2952,2953,2954,2955,2956,2957,2959,2960,2961,2962,2963,2964,2965,1439,1440,1441,1442,1443,1444,1445,1446,1447,1448,1449,1450,1451,1452,1453,1454,1455,1456,1457,2985,2986,2987,2988,2989,2990,2991,2992,2993,2994,2995,2996,2997,2998,2999,3000,2942,3173,2943,2944,2945,2946,2947,2948,2949,2950"
3981,"Ilyas (Elijah) (AS)","",0,1,"",3964,"3916,3917,3918,3919,3920,3911,3912,3913,874,3914,3915"
3982,"Alyasa (Elisha) (AS)","",0,1,"",3964,"4019,4018,2569,2568"
3983,"Dawud (David) (AS)","",0,1,"",3964,"2563,656,3987,3988,3989,3990,3991,3992,3993,3994,3995,3996,3997,3616,3617,3174,3175,253,257,258,2561,2562,255,254,256"
3984,"Sulaiman (Soloman) (AS)","",0,1,"",3964,"3203,4000,4001,3618,3619,4003,4002,3620,3184,3183,3182,3181,109,3180,3179,3178,3177,3176,3175,3174,3191,4010,4009,4008,4007,4006,4005,4004,3200,2561,2562,2563,2564,2565,3201,3202,3199,3198,3197,3196,3195,3194,3193,3192,3190,3189,3188,3187,3186,3185"
3985,"Yunus (Jonah) (AS)","",0,1,"",3964,"5319,3936,5320,5321,2570,2571,1462,3927,3928,3929,3930,3931,3932,3933,3934,3935"
3986,"Zakaria (Zachariah) (AS)","",0,1,"",3964,"328,329,330,337"
3987,"Yahya (John) (AS)","",0,1,"",3964,"2260,2572,2573,331,332,333,334,2252,2253,2254,2255,2256,2257,2258,2259,2261,2265,2262,2263,2264,874"
3988,"Isa (Jesus) (AS)","",0,1,"",3964,"741,2267,4383,4384,4385,2271,2723,4386,4387,4388,4389,2272,4390,2273,686,2274,2275,5183,715,338,339,340,341,342,343,344,345,346,347,348,349,350,351,352,353,354,2266,2270,2269,2574,2268,787,786,2288,783,143,782,781,780,779,778,785,784,2281,2282,2283,2284,2285,2286,2287,2279,2278,2280,4382,2277,2276,748,747,746,745,744,743,742"
3989,"Beginning of Creation","",0,1,"",3963,""
3990,"Creation of Man & Jinn (Unseen Creatures)","",0,1,"",3989,"494,2687,2685,4731,1143,5619,1905,3946,3177,4200,352,6108,6102,3671,5462,2179,2190,5777,791,1828,37,5461,5459,5458,5456,5455,4046,4045,5449,4042,4041,5448,4934,966,965,4539,954,3512,3510,4916,4915,5936,2600,2090,41,1831,1830,1829"
3991,"Creation of the Universe","",0,1,"",3989,"5942,3507,4227,4229,4230,4486,5244,3479,1480,3661,2513,5202,1367,5079,862,4063,4064,2914,5739,3436,5740,5741,5742,1008,1904,4722,4723,5743,5744,1782,890,124,5245,3359,3360,36,171,1709,1723,4283,4668,5435,5436,5434,5433,5943"
3992,"Creations & Creatures","",0,1,"",3963,""
3993,"The rain","",0,1,"",3992,"1966,3403,1388,171,4257,2402,2401,3219,5048,1911,4079,3503,888,1724,5047,1171"
3994,Clouds,"",0,1,"",3992,"2834,4534,2830,3669,1011,1719,64,3457,1720,217,4535,171"
3995,"The Thunder","",0,1,"",3992,"27,26,1720,1719,2834,3433"
3996,"The Sun & the Moon","",0,1,"",3992,"2900,1913,1783,885,1008,3183,2157,867,866,4063,1370,1369,3673,2901,2516,3401,5435,5560,5559,2230,2613,1709,4906,3498,4255,3744,3743"
3997,"Planets - Stars","",0,1,"",3992,"3794,2826,1818,1819,1820,4907,2613,1600,5455,5456,3795,3796,3797,3798,1008,886,1913,1917,5246"
3998,"Wind - Storm","",0,1,"",3992,"4865,3222,410,1824,3618,4006,171,2097,2098,4305,3669,3455,1011,1386,2903,3542,3456,3457,3458,3459,2564,3460,273"
3999,"Sea - River","",0,1,"",3992,"2571,3672,1915,2908,1117,2570"
4000,"Animals Described in the Quran","",0,1,"",3992,"4002,933,935,4003,6189,1969,307,3381,827,4283,61,1087,1479,72,1609,74,75,76,77,78,1610,1613,3400,4301,729,4701,2016,5984,994,99,2402,1639,3177,1130,1642,2668,3178,2158,4337,2162,4338,4212,1909,4213,1537,646,1542,266,6161,2836,1950,672,33,3488,4001,3620"
4001,"Birds Described in the Quran","",0,1,"",3992,"5000,5260,6191,827,1980,1981,3179,3180,700,3616,3176,3175,3178,3177,267,3181,3182"
4002,"Forestry - Tree","",0,1,"",3992,"3283,4799,4800,4601,4798,2613,888,1776,1775,1774,4969,4968,3785,973,974,975,5330,5331,2273,2274,2275,4963,4964,4965,4966,4967,4457,4458,4913,4912,1712,1968,1711,1710,5032,4905,42,2089,3496,5031,930,1912,3219,848,976,3282,273,3854,3853,3852,3851,3850,2826,2693"
4003,"Crops - Agriculture","",0,1,"",3992,"5783,930,68,5688,5784,4913,274,5785,884,5686,5687,888,5782,5786,5787,5788,5789,5790"
4004,"Flood - Disaster","",0,1,"",3992,"3615,2596,2597,3621,3622,5257,1947,1948,3333,2097,3380,3542,6139,6140,6141,5258,535,1946,3334"
4005,"Mineral Resources","",0,1,"",3992,"2236,1915,1269,307,5100,4360,4924,3616,4923"
4006,"Former Nations & Cities","",0,1,"",3963,""
4007,"Bani Israel","",0,1,"",4006,"90,91,92,2972,2973,2974,2975,2976,2977,2978,2979,2980,2981,2982,2983,2984,2985,2986,2987,2988,93,94,2989,2990,2991,2992,2993,2994,2995,2996,2997,2998,2999,3000,2942,2943,2944,2945,2946,2947,2031,2032,2033,2034,2035,2036,2037,2948,2949,2950,95,96,97,98,99,2439,2438,2437,2436,2435,2434,386,2433,2432,2431,2430,2429,2428,2427,100,101,102,103,104,105,106,107,2440,2441,2442,2443,2444,2445,2446,2447,2952,2953,2954,2955,2956,2957,2426,2425,2424,2423,2422,2421,2420,2419,2418,2417,2416,2415,2414,2413,2412,2411,2410,2409,2408,2405,2403,2402,2401,2400,2399,2398,2397,2396,2395,2394,2393,2392,2391,2390,4490,4489,754,753,752,751,750,749,748,747,746,745,744,743,742,741,740,739,738,737,695,694,693,692,691,690,689,688,687,686,685,684,683,682,681,130,129,128,127,120,119,118,116,115,112,111,110,109,108,2951,47,48,49,50,51,52,53,2958,2959,2960,2961,2962,2963,2964,2965,54,55,2966,2967,2968,2969,2970,2971,56,57,58,59,60,61,62,63,64,65,66,67,68,69,70,71,72,73,74,75,76,77,78,79,80,2406,2404,2407"
4008,"Aad community","",0,1,"",4006,"1525,1024,1025,1026,3072,3071,3055,3056,3057,3058,1523,1524,1527,1526,1023,1022,1533,1532,1019,4231,4232,4233,4234,1020,1021,3059,3060,3061,3062,3063,4531,4532,4533,4534,3064,4535,4536,4537,4538,3065,1531,3066,1530,1529,3067,1528,3068,3069,3070"
4009,"Samud community","",0,1,"",4006,"5331,3079,1535,1534,3075,3074,3073,5335,5334,5333,5332,5330,5329,5328,5327,4237,4236,4235,4231,3091,3090,3089,3088,3087,3086,3085,3084,3083,3082,3081,3080,1536,1537,1538,1027,1028,1029,1030,1031,1032,1033,1539,1540,1541,3076,3077,3078"
4010,"People of Madian-Ica","",0,1,"",4006,"3118,3123,3117,3122,3121,3110,3111,3109,3116,3115,3114,3113,3112,3108,3120,3119"
4011,Romans,"",0,1,"",4006,"3414,3413,3412,3411"
4012,Quraysh,"",0,1,"",4006,"1333,1332,6197,1331,1330,1329,1328,1325,6196,3553,4599,1355,6195,6194,1337,1336,4594,1334"
4013,Ansars,"",0,1,"",4006,"5134,1353,1352,5135,1335"
4014,"Yajuz Ma'juz","",0,1,"",4006,"2234,2233,2232,2240,2579,2580,2236,2235,2239,2238,2237"
4015,"Other Communities","",0,1,"",4006,"5333,1305,5332,2893,3623,3622,3621,4644,4451,4642"
4016,"Quranic Stories","",0,1,"",3963,""
4017,Khadhir,"",0,1,"",4016,"2211,2203,2204,2222,2221,2220,2219,2218,2217,2216,2215,2214,2213,2212,2202,2210,2209,2208,2207,2206,2205,2200,2201"
4018,Eusha,"",0,1,"",4016,"2201,695,694,693,2203,2202,2204,692,691,2200"
4019,Luqman,"",0,1,"",4016,"3486,3483,3485,3484,3481,3487,3482,3488"
4020,"Zul qarnain","",0,1,"",4016,"2236,2232,2231,2230,2229,2228,2227,2226,2225,2237,2238,2239,2234,2233,2224,2223,2240,2235"
4021,Uzair,"",0,1,"",4016,"266,1266,1265"
4022,Maryam,"",0,1,"",4016,"335,5241,2285,2284,2283,2282,2281,2280,2279,2278,2277,2276,2275,2274,2273,2272,2271,779,326,327,328,329,330,331,332,333,334,336,337,338,2266,2267,2268,2269,2270"
4023,"Habil and Qabil","",0,1,"",4016,"700,699,698,696,697,701"
4024,"Taloot and Jaloot","",0,1,"",4016,"255,254,253,259,258,257,256"
4025,"Hawariyyen of Isa AS","",0,1,"",4016,"346,780,5177,781,782,783,784,345"
4026,Firawon,"",0,1,"",4016,"1444,1443,1442,1441,1440,1439,2974,2973,2972,2971,2970,2969,2968,2967,2966,2965,2964,2963,2962,2961,2960,2959,2958,2957,2956,2955,2954,2953,2952,2951,2950,2949,2948,2947,2946,2945,2944,2943,2942,2429,2428,2427,2426,2425,2424,2423,2422,2421,2420,2419,2418,2417,2416,2415,2414,2413,2412,2411,2410,2409,2408,2407,2406,2405,2404,2403,2402,2401,2400,2399,2398,2397,2396,2395,2394,2393,2392,2391,2390,3380,3379,304,3258,2983,2982,2981,2980,2979,2978,2977,2976,2975,4156,2132,2131,2130,4157,1091,1090,1089,1088,1057,1058,1059,1060,1061,1062,1063,1064,1065,1066,1067,1068,1069,1070,1071,1072,1073,1074,1075,1076,1077,1078,1079,56,57,1080,1081,1082,1083,1084,1085,1087,1086,3000,2999,2998,2997,2996,2995,2994,2993,2992,2991,2990,2989,2988,2987,2986,2985,2984,1456,1455,1454,1453,1452,1451,1450,1449,1448,1447,1446,1445"
4027,Qaroon,"",0,1,"",4016,"3333,3334,3335,3328,3329,3330,3336,3331,3332"
4028,"Sara - Wife of Ibrahim AS","",0,1,"",4016,"4703,4702,4701,4700,4704,4699,1547,1546,1545,1544,1543,1542,4705"
4029,"Sulaiman AS. & Bilqees","",0,1,"",4016,"3197,3192,3191,3190,3189,3196,3195,3188,3186,3185,3184,3183,3181,3182,3180,3179,3178,3177,3176,3193,3203,3194,3202,3201,3200,3187,3199,3198"
4030,"Ashab e Kahf","",0,1,"",4016,"2149,2162,2163,2164,2154,2166,2161,2160,2159,2158,2157,2156,2155,2165,2153,2152,2151,2150"
4031,"Faithful Person of Pharaoh's family","",0,1,"",4016,"4162,4163,4165,4166,4161,4164"
4032,"Pharaoh's Wife Aasiya","",0,1,"",4016,"3260,3261,5240"
4033,"Musa's mother & Sister","",0,1,"",4016,"3263,3264,3265,3266,2386,2387,2388,3259,3260,3261,3262"
4034,"Habib Najjar & three messengers","",0,1,"",4016,"3732,3733,3735,3730,3718,3719,3720,3721,3722,3723,3724,3725,3726,3727,3728,3729,3734,3731"
4035,"Ashab al Feel (Elephent)","",0,1,"",4016,"6193,6189,6192,6190,6191"
4036,Gardeners,"",0,1,"",4016,"5295,5294,5293,5292,5291,5290,5289,5298,5288,5304,5303,5302,5301,5300,5299,5296,5297"
4037,"Bal'aam","",0,1,"",4016,"1129,1132,1130,1131"
4038,"Ashab e Ukhdud","",0,1,"",4016,"5919,5920,5921,5912,5913,5914,5915,5916,5917,5918"
4039,"Biography of the Prophet ﷺ","",0,1,"",3963,""
4040,"Prophetic Seerah","",0,1,"",4039,"3634,5274,5273,153,4368,1296,4367,4366,3589,4612,6082,6083,452,6084,1990,6085,6086,6087,6088,6089,6090,6091,6092,6093,6094,6095,6096,1363,1364,3539,6097,1111,1112,6098,96,2146,1380,4584,4585,108,4591,4592,1522,5363,5364,3573,5365,4094,5275,2590,5276,5277,809,1193,2089,5169,2102,2103,3128,3129,5179,6205,6206,4287,6207,4764"
4041,"Companions of the Prophet","",0,1,"",4039,"2842,2584,1335,20,4619,1353,4612,164,1352,1343,2813,2843"
4042,"Seerah Events & Miracles","",0,1,"",4039,"4848,4791,4792,4793,4794,4795,4796,4797,4798,4799,4800,4801,4802,590,591,592,593,4558,488,2030,4847,4790,4849,1275,4787,4786,4785,5160,5136,5135,5134,259,4788,4789"
4043,Wars,"",0,1,"",4039,"1261,4607,4606,4605,4604,4603,4602,4601,4600,4598,4597,4596,4595,4594,4593,4592,4591,4590,4589,4588,4587,4586,4585,4584,3560,3559,3558,3557,3556,3555,3554,3553,3552,3551,3550,3549,3548,3547,3546,3545,3544,3543,3542,468,467,466,465,464,463,462,461,460,459,458,450,449,448,447,446,445,444,443,442,441,440,439,438,437,436,435,434,433,421,420,419,418,417,416,415,414,1356,1355,1354,1353,1352,1333,1332,1331,1330,306,1329,1328,1327,1326,1325,1324,1323,1322,1321,1320,1319,1318,1317,1316,1315,1314,1313,1312,1311,1310,1309,1308,1307,1306,1305,1304,1303,1302,1301,1300,1299,1298,1297,1296,1295,1294,1293,1292,1291,1290,1289,1288,1287,1286,1285,1284,1283,1282,1281,1280,1279,1278,1277,1276,1262,1260,224,1231,1230,1229,1228,1227,1226,1225,1179,1178,1177,1176,1175,1174,1173,1172,1171,1170,1169,1168,1167,1166,1165,4599,6216,6215,6214,5140,5139,5138,5137,5133,5132,5131,5130,5129,5128,4610,4609,4608"
4044,Predictions,"",0,1,"",3963,"1811,4430,6217,6218,1168,1167,4892,2846,4610,4891,4611,4426,4425,4424,6221,2238,3414,3413,3412,3415,736,1141,5754,5755,5756,4429,4428,4427,3411,6220,6219,405,2579"
4045,"Mu'amalat (dealings)","",1,1,topic_images/scale-01-stroke_5Fnd4hX.png,"",""
4046,"Financial Transactions","",0,1,"",4045,""
4047,Business,"",0,1,"",4046,"1661,5495,1660,1659,1658,1657,1656,1655,757,1259,3432,5858,5857,5856,5855,5854,5853,5852,5851,5850,5849,473,205,1991,5188,5187,195,5186,2623,6195,6194,4910,941,3115,3114,3113,1915,290,289,3232,670,282,1558,2064,2828,522,4485,261"
4048,Money,"",0,1,"",4046,"654,1290,5121,3642,3643,1346,1232,5431,1338,5400,1304,1560,5399,1276,1188,1316,1320,1323,1196,1452,3641,5214,1255,3560,5095,1259,3448"
4049,Rizq-Sustenance,"",0,1,"",4046,"1479,1974,219,1782,1973,5220,1733,133,1972"
4050,Debts,"",0,1,"",4046,"1295,5093,289,5216,5495,287,5086,252,505,504"
4051,"Riba (Interest)","",0,1,"",4046,"282,283,284,3448,654,424,423,285,286,287"
4052,"Ijarah (Leasing)","",0,1,"",4046,"2217,3184,3185,3187,3186,4357"
4053,Occupation-service,"",0,1,"",4046,"4358,4357,4359"
4054,Agriculture,"",0,1,"",4046,"274,4913,5784,5688,5783,68,930,5788,5787,5790,884,5785,5786,5782,888,5687,5686,5789"
4055,Mortgagee,"",0,1,"",4046,290
4056,"Items Placed In Trust","",0,1,"",4046,"290,1187,551,368,670,2681,5407"
4057,Bribe,"",0,1,"",4046,"732,731,1269,523,522,195"
4058,Witness,"",0,1,"",4046,"5408,30,534,150,91,991,1126,2793,2795,2815,508,2804,374,1677,652,777,776,775,392,391,2816,4241,4240,2797,2799,2927,499,526,628,3853,4238,4239,786,659,375,211,1622,1623,345,346,713,1990,192,939,677,290,289"
4059,"Food and Drink","",0,1,"",4045,""
4060,Food,"",0,1,"",4059,"933,935,2724,175,179,180,64,67,194,3776,765,757,756,2017,2016,2015,986,985,1111,3777,3778,934,907,908,909,910,783,272,273,274,784,5782,5783,5784,5785,5786,5787,5788,5789,927,32,672,673,674,930,931,932"
4061,Drinks,"",0,1,"",4059,"1967,67,5608,5609,5610,5612,1968"
4062,"Clothing and Adornment","",0,1,"",4045,"985,986,5499"
4063,"Hunting and Slaughtering","",0,1,"",4045,"671,763,670,765,764"
4064,"Udhiyah (Sacrifices)","",0,1,"",4045,"3892,3891,3890,934,933,932,931,672,927,2623,2632,2625,2631,2630,2629,2628,2627,2626,3893,3894,951,3895,6206"
4065,"Islamic Guidelines for Entertainment","",0,1,"",4045,""
4066,"Permissible entertainment","",0,1,"",4065,"3475,3704,2015,3228,1599,800,1600,3360,4581,3430,3624,1705,202,3404,1707,430,1710,821"
4067,"Not permissible entertainment","",0,1,"",4065,"2641,4624,2806,2061,2625,612,2055,2056,3563,3565,3566,175"
4068,Family,"",1,1,topic_images/muslim-family-stroke.png,"",""
4069,Marriage,"",0,1,"",4068,"621,496,622,517,518,2817,2823,2824,3585,3586,3587,527,528,5404,5405,5406,2680,3583,5161,1973,194,3538,5160,2679,3539,228,1143,2678,512,513,514,515,516,3584,3570,242,497,230,3430,3561,494,3562,620"
4070,Divorce,"",0,1,"",4068,""
4071,Divorce-Talaq,"",0,1,"",4070,"244,3562,3537,3561,239,238,237,236,235,234,233,5219,5218,5108,5107,5106,243"
4072,"Li'an","",0,1,"",4070,"2799,2800,2798,2801,2797"
4073,"Marriage arbitration (settlement)","",0,1,"",4070,"623,527,528,622,109,621"
4074,"Iddah and Istibra (the waiting period)","",0,1,"",4070,"249,5221,5222,5223,5224,5225,5226,241,242,243,244,247,248"
4075,Breastfeeding,"",0,1,"",4068,"240,3483,516,5223,4525"
4076,Orphans,"",0,1,"",4068,"5599,941,90,6089,6088,6087,6086,6085,184,2063,529,6038,6011,6010,503,501,499,495,620,5603,227,5602,5601,5600,6039,222"
4077,Inheritance,"",0,1,"",4068,"501,669,512,189,188,187,505,504,500"
4078,"Family Rights","",0,1,"",4068,"5133,3447,184,90,2813,222,3430,4295,3678,236,525,526,527,528,529"
4079,"The Rights of the Slaves","",0,1,"",4068,"228,184,185,518"
4080,Politics,"",1,1,topic_images/flag-02-stroke.png,"",""
4081,"Khilafah - Imarah","",0,1,"",4080,"4310,2636,2635,2634,3996,552,37,452,1378,1377,2846,2556,954"
4082,"Hudud (Punishment)","",0,1,"",4080,""
4083,Killing-Qisas-Diyyat,"",0,1,"",4082,"185,5808,2925,2062,2924,2923,523,522,585,100,186,5809"
4084,"Zina (Adultery)","",0,1,"",4082,"987,2061,508,940,2794,2793,2792,509"
4085,"Homosexual Relations","",0,1,"",4082,"1553,3103,3099,3098,3097,3095,3094,3096,3093,3092,3104,3105,3106,3107,3213,3368,3369,3370,3214,3373,3374,1556,1555,1554,3102,1552,1551,1550,1038,1037,1036,1035,1034,3375,3215,3216,3217,612,3100,3101"
4086,Stealing,"",0,1,"",4082,"1670,707,1668,1675,1666,1669,1667,708,1674,1673,1672,1671"
4087,"Drinking alcohol","",0,1,"",4082,"760,759,226"
4088,Apostasy,"",0,1,"",4082,"382,381,380,379,378,2007,630,723,4259,722,4258,384,224,383"
4089,Slander,"",0,1,"",4082,"2816,2815,2814,2811,2810,2809,2808,2807,2806,2805,2804,2803,2802,2796,2795,2817"
4090,Robbery,"",0,1,"",4082,"3083,3328,3329,3084,4621,4622,1039,1040,6007,18,19,1558,3991,3992,3993,3994,1057,34,37,1445,3115,1454,1455,1456,1589,701,702,703,67,1732,1989,1096,4299,1233,212,4311,4312,4313,4314,4315,4316,4567,4568,1386,1387,5999,6000,6001,1010,6002,6003,6004,6005,6006,3193,3450"
4091,"Felonies-Major Sins and Disobedience","",0,1,"",4080,"1959,5162,2055,2028,236,2027,2655,987,3538,201,701,5809,5808,940,2056,522,523,524,2060,2061,2062,2063,2064,2065,1960,2066,2067,2068,929"
4092,Jihad,"",0,1,"",4080,""
4093,"Virtues of Jihad","",0,1,"",4092,"438,418,5132,5134,4627,5151,5167,564,5174,567,5175,569,5176,577,2634,2635,588,593,2673,1169,1170,1171,1172,1173,1174,1175,1176,1177,1179,1199,1219,1220,197,198,200,1225,1226,1227,1232,1235,1240,223,225,1249,1255,1259,1260,1261,1264,1273,1274,251,1276,1277,256,1295,3346,1308,1316,1321,1323,306,1346,1355,1357,3409,404,414,415,416,417,4600,3560,3559,4576,3548,3547,3546,3545,3544,3543,3542,469,468,467,466,465,464,463,462,461,460,459,4552,4549,453,450,440,439,437,436,435,434,433,432,421,420,419"
4094,"Rulings of Jihad","",0,1,"",4092,"591,590,451,452,597,595,593,592,4551,1995,4576,4579,4580,493,4594,4595,4598,4599,4600,1281,1280,1279,1278,1277,1276,1275,1285,1284,1283,1282,1274,1273,1272,1271,1232,1231,1230,1229,1227,1228,1225,1226,197,1224,1223,1222,1221,1220,1219,1218,1217,1216,1215,445,446,447,448,449,450,1177,3593,3594,3595,4618,5151,564,565,566,567,568,569,570,571,582,583,584,588,589,453,454,4549,4550"
4095,Peace-Treaty,"",0,1,"",4092,"1221,132,4580,4610,4584,2846,4622,4621,4618,576"
4096,Fleeing/Desertion,"",0,1,"",4092,"3550,3552,3553,1175,1176,3549,3551"
4097,"Pledge of Allegiance","",0,1,"",4092,"1346,4604,4603,4605,4602,4601,4593,5162,1347"
4098,Martyrdom,"",0,1,"",4092,"461,4551,488,4550,4549,3556,3555,451,450,161,2654,2653,464,463,462"
4099,"Spoils of War/Booty","",0,1,"",4092,"1209,4603,5132,1285,454,4604,1167,4601,1161,5134,5133,5135,5136,1229,4598,4602"
4100,"Sacred Months","",0,1,"",4092,"766,1272,201,198,224,671,3407,1271"
4101,"Judiciary ","",0,1,"",4080,"4153,2110,941,903,2064,1558,677,551,558,846,718,717,4296,4287,1473,195,452,711,1991,713,714,4310,598,5113,3191,628,5100,2530,607,606"
4102,"Rulings of the People of Dhimma","",0,1,"",4080,"1264,1236,5599,1243,5159,1242,1241,5158,674,263"
4103,Dawah,"",0,1,"",4080,"4251,4252,2845,3358,1700,1704,1111,1112,3634,3506,2026,3684,736,2396,2472,2480,1965,2478,2044,3579,2430,3151,1487,3150,3149,3148,3147,3146,1990,4287,3775,1983,3774,4541,1468,1593,4279,2395,4730,761,1903,768,3456,1794,1802,3722,397,3725,2028,3152,1747,2003,1936,1937,403,2837,1945"
